地區,ID,名稱,英文,家族名稱
▼地區-關都,#001,妙蛙種子,Bulbasaur,妙蛙花
▼地區-關都,#002,妙蛙草,Ivysaur,妙蛙花
▼地區-關都,#003,妙蛙花,Venusaur,妙蛙花
▼地區-關都,#004,小火龍,Charmander,噴火龍
▼地區-關都,#005,火恐龍,Charmeleon,噴火龍
▼地區-關都,#006,噴火龍,Charizard,噴火龍
▼地區-關都,#007,傑尼龜,Squirtle,水箭龜
▼地區-關都,#008,卡咪龜,Wartortle,水箭龜
▼地區-關都,#009,水箭龜,Blastoise,水箭龜
▼地區-關都,#010,綠毛蟲,Caterpie,巴大蝶
▼地區-關都,#011,鐵甲蛹,Metapod,巴大蝶
▼地區-關都,#012,巴大蝶,Butterfree,巴大蝶
▼地區-關都,#013,獨角蟲,Weedle,大針蜂
▼地區-關都,#014,鐵殼蛹,Kakuna,大針蜂
▼地區-關都,#015,大針蜂,Beedrill,大針蜂
▼地區-關都,#016,波波,Pidgey,大比鳥
▼地區-關都,#017,比比鳥,Pidgeotto,大比鳥
▼地區-關都,#018,大比鳥,Pidgeot,大比鳥
▼地區-關都,#019,小拉達,Rattata,拉達-關都
▼地區-關都,#020,拉達,Raticate,拉達-關都
▼地區-關都,#021,烈雀,Spearow,大嘴雀
▼地區-關都,#022,大嘴雀,Fearow,大嘴雀
▼地區-關都,#023,阿柏蛇,Ekans,阿柏怪
▼地區-關都,#024,阿柏怪,Arbok,阿柏怪
▼地區-關都,#025,皮卡丘,Pikachu,雷丘-阿羅拉
▼地區-關都,#026,雷丘,Raichu,雷丘-關都
▼地區-關都,#027,穿山鼠,Sandshrew,穿山王-關都
▼地區-關都,#028,穿山王,Sandslash,穿山王-關都
▼地區-關都,#029,尼多蘭,Nidoran♀,尼多后
▼地區-關都,#030,尼多娜,Nidorina,尼多后
▼地區-關都,#031,尼多后,Nidoqueen,尼多后
▼地區-關都,#032,尼多朗,Nidoran♂,尼多王
▼地區-關都,#033,尼多力諾,Nidorino,尼多王
▼地區-關都,#034,尼多王,Nidoking,尼多王
▼地區-關都,#035,皮皮,Clefairy,皮可西
▼地區-關都,#036,皮可西,Clefable,皮可西
▼地區-關都,#037,六尾,Vulpix,九尾-關都
▼地區-關都,#038,九尾,Ninetales,九尾-關都
▼地區-關都,#039,胖丁,Jigglypuff,胖可丁
▼地區-關都,#040,胖可丁,Wigglytuff,胖可丁
▼地區-關都,#041,超音蝠,Zubat,叉字蝠
▼地區-關都,#042,大嘴蝠,Golbat,叉字蝠
▼地區-關都,#043,走路草,Oddish,美麗花
▼地區-關都,#044,臭臭花,Gloom,美麗花
▼地區-關都,#045,霸王花,Vileplume,霸王花
▼地區-關都,#046,派拉斯,Paras,派拉斯特
▼地區-關都,#047,派拉斯特,Parasect,派拉斯特
▼地區-關都,#048,毛球,Venonat,摩魯蛾
▼地區-關都,#049,摩魯蛾,Venomoth,摩魯蛾
▼地區-關都,#050,地鼠,Diglett,三地鼠-關都
▼地區-關都,#051,三地鼠,Dugtrio,三地鼠-關都
▼地區-關都,#052,喵喵,Meowth,貓老大-關都
▼地區-關都,#053,貓老大,Persian,貓老大-關都
▼地區-關都,#054,可達鴨,Psyduck,哥達鴨
▼地區-關都,#055,哥達鴨,Golduck,哥達鴨
▼地區-關都,#056,猴怪,Mankey,火爆猴
▼地區-關都,#057,火爆猴,Primeape,火爆猴
▼地區-關都,#058,卡蒂狗,Growlithe,風速狗-關都
▼地區-關都,#059,風速狗,Arcanine,風速狗-關都
▼地區-關都,#060,蚊香蝌蚪,Poliwag,蚊香蛙皇
▼地區-關都,#061,蚊香君,Poliwhirl,蚊香蛙皇
▼地區-關都,#062,蚊香泳士,Poliwrath,蚊香泳士
▼地區-關都,#063,凱西,Abra,胡地
▼地區-關都,#064,勇基拉,Kadabra,胡地
▼地區-關都,#065,胡地,Alakazam,胡地
▼地區-關都,#066,腕力,Machop,怪力
▼地區-關都,#067,豪力,Machoke,怪力
▼地區-關都,#068,怪力,Machamp,怪力
▼地區-關都,#069,喇叭芽,Bellsprout,大食花
▼地區-關都,#070,口呆花,Weepinbell,大食花
▼地區-關都,#071,大食花,Victreebel,大食花
▼地區-關都,#072,瑪瑙水母,Tentacool,毒刺水母
▼地區-關都,#073,毒刺水母,Tentacruel,毒刺水母
▼地區-關都,#074,小拳石,Geodude,隆隆岩-關都
▼地區-關都,#075,隆隆石,Graveler,隆隆岩-關都
▼地區-關都,#076,隆隆岩,Golem,隆隆岩-關都
▼地區-關都,#077,小火馬,Ponyta,烈焰馬-關都
▼地區-關都,#078,烈焰馬,Rapidash,烈焰馬-關都
▼地區-關都,#079,呆呆獸,Slowpoke,呆呆王-城都
▼地區-關都,#080,呆殼獸,Slowbro,呆殼獸-關都
▼地區-關都,#081,小磁怪,Magnemite,自爆磁怪
▼地區-關都,#082,三合一磁怪,Magneton,自爆磁怪
▼地區-關都,#083,大蔥鴨,Farfetch'd,大蔥鴨-關都
▼地區-關都,#084,嘟嘟,Doduo,嘟嘟利
▼地區-關都,#085,嘟嘟利,Dodrio,嘟嘟利
▼地區-關都,#086,小海獅,Seel,白海獅
▼地區-關都,#087,白海獅,Dewgong,白海獅
▼地區-關都,#088,臭泥,Grimer,臭臭泥-關都
▼地區-關都,#089,臭臭泥,Muk,臭臭泥-關都
▼地區-關都,#090,大舌貝,Shellder,刺甲貝
▼地區-關都,#091,刺甲貝,Cloyster,刺甲貝
▼地區-關都,#092,鬼斯,Gastly,耿鬼
▼地區-關都,#093,鬼斯通,Haunter,耿鬼
▼地區-關都,#094,耿鬼,Gengar,耿鬼
▼地區-關都,#095,大岩蛇,Onix,大鋼蛇
▼地區-關都,#096,催眠貘,Drowzee,引夢貘人
▼地區-關都,#097,引夢貘人,Hypno,引夢貘人
▼地區-關都,#098,大鉗蟹,Krabby,巨鉗蟹
▼地區-關都,#099,巨鉗蟹,Kingler,巨鉗蟹
▼地區-關都,#100,霹靂電球,Voltorb,頑皮雷彈-關都
▼地區-關都,#101,頑皮雷彈,Electrode,頑皮雷彈-關都
▼地區-關都,#102,蛋蛋,Exeggcute,椰蛋樹-阿羅拉
▼地區-關都,#103,椰蛋樹,Exeggutor,椰蛋樹-關都
▼地區-關都,#104,卡拉卡拉,Cubone,嘎啦嘎啦-阿羅拉
▼地區-關都,#105,嘎啦嘎啦,Marowak,嘎啦嘎啦-關都
▼地區-關都,#106,飛腿郎,Hitmonlee,飛腿郎
▼地區-關都,#107,快拳郎,Hitmonchan,快拳郎
▼地區-關都,#108,大舌頭,Lickitung,大舌舔
▼地區-關都,#109,瓦斯彈,Koffing,雙彈瓦斯-伽勒爾
▼地區-關都,#110,雙彈瓦斯,Weezing,雙彈瓦斯-關都
▼地區-關都,#111,獨角犀牛,Rhyhorn,超甲狂犀
▼地區-關都,#112,鑽角犀獸,Rhydon,超甲狂犀
▼地區-關都,#113,吉利蛋,Chansey,幸福蛋
▼地區-關都,#114,蔓藤怪,Tangela,巨蔓藤
▼地區-關都,#115,袋獸,Kangaskhan,袋獸
▼地區-關都,#116,墨海馬,Horsea,刺龍王
▼地區-關都,#117,海刺龍,Seadra,刺龍王
▼地區-關都,#118,角金魚,Goldeen,金魚王
▼地區-關都,#119,金魚王,Seaking,金魚王
▼地區-關都,#120,海星星,Staryu,寶石海星
▼地區-關都,#121,寶石海星,Starmie,寶石海星
▼地區-關都,#122,魔牆人偶,Mr. Mime,魔牆人偶-關都
▼地區-關都,#123,飛天螳螂,Scyther,劈斧螳螂
▼地區-關都,#124,迷唇姐,Jynx,迷唇姐
▼地區-關都,#125,電擊獸,Electabuzz,電擊魔獸
▼地區-關都,#126,鴨嘴火獸,Magmar,鴨嘴炎獸
▼地區-關都,#127,凱羅斯,Pinsir,凱羅斯
▼地區-關都,#128,肯泰羅,Tauros,肯泰羅
▼地區-關都,#129,鯉魚王,Magikarp,暴鯉龍
▼地區-關都,#130,暴鯉龍,Gyarados,暴鯉龍
▼地區-關都,#131,拉普拉斯,Lapras,拉普拉斯
▼地區-關都,#132,百變怪,Ditto,百變怪
▼地區-關都,#133,伊布,Eevee,仙子伊布
▼地區-關都,#134,水伊布,Vaporeon,水伊布
▼地區-關都,#135,雷伊布,Jolteon,雷伊布
▼地區-關都,#136,火伊布,Flareon,火伊布
▼地區-關都,#137,多邊獸,Porygon,多邊獸Ｚ
▼地區-關都,#138,菊石獸,Omanyte,多刺菊石獸
▼地區-關都,#139,多刺菊石獸,Omastar,多刺菊石獸
▼地區-關都,#140,化石盔,Kabuto,鐮刀盔
▼地區-關都,#141,鐮刀盔,Kabutops,鐮刀盔
▼地區-關都,#142,化石翼龍,Aerodactyl,化石翼龍
▼地區-關都,#143,卡比獸,Snorlax,卡比獸
▼地區-關都,#144,急凍鳥,Articuno,急凍鳥-關都
▼地區-關都,#145,閃電鳥,Zapdos,閃電鳥-關都
▼地區-關都,#146,火焰鳥,Moltres,火焰鳥-關都
▼地區-關都,#147,迷你龍,Dratini,快龍
▼地區-關都,#148,哈克龍,Dragonair,快龍
▼地區-關都,#149,快龍,Dragonite,快龍
▼地區-關都,#150,超夢,Mewtwo,超夢
▼地區-關都,#151,夢幻,Mew,夢幻
▼地區-城都,#152,菊草葉,Chikorita,大竺葵
▼地區-城都,#153,月桂葉,Bayleef,大竺葵
▼地區-城都,#154,大竺葵,Meganium,大竺葵
▼地區-城都,#155,火球鼠,Cyndaquil,火爆獸-洗翠
▼地區-城都,#156,火岩鼠,Quilava,火爆獸-洗翠
▼地區-城都,#157,火爆獸,Typhlosion,火爆獸-城都
▼地區-城都,#158,小鋸鱷,Totodile,大力鱷
▼地區-城都,#159,藍鱷,Croconaw,大力鱷
▼地區-城都,#160,大力鱷,Feraligatr,大力鱷
▼地區-城都,#161,尾立,Sentret,大尾立
▼地區-城都,#162,大尾立,Furret,大尾立
▼地區-城都,#163,咕咕,Hoothoot,貓頭夜鷹
▼地區-城都,#164,貓頭夜鷹,Noctowl,貓頭夜鷹
▼地區-城都,#165,芭瓢蟲,Ledyba,安瓢蟲
▼地區-城都,#166,安瓢蟲,Ledian,安瓢蟲
▼地區-城都,#167,圓絲蛛,Spinarak,阿利多斯
▼地區-城都,#168,阿利多斯,Ariados,阿利多斯
▼地區-城都,#169,叉字蝠,Crobat,叉字蝠
▼地區-城都,#170,燈籠魚,Chinchou,電燈怪
▼地區-城都,#171,電燈怪,Lanturn,電燈怪
▼地區-城都,#172,皮丘,Pichu,雷丘-阿羅拉
▼地區-城都,#173,皮寶寶,Cleffa,皮可西
▼地區-城都,#174,寶寶丁,Igglybuff,胖可丁
▼地區-城都,#175,波克比,Togepi,波克基斯
▼地區-城都,#176,波克基古,Togetic,波克基斯
▼地區-城都,#177,天然雀,Natu,天然鳥
▼地區-城都,#178,天然鳥,Xatu,天然鳥
▼地區-城都,#179,咩利羊,Mareep,電龍
▼地區-城都,#180,茸茸羊,Flaaffy,電龍
▼地區-城都,#181,電龍,Ampharos,電龍
▼地區-城都,#182,美麗花,Bellossom,美麗花
▼地區-城都,#183,瑪力露,Marill,瑪力露麗
▼地區-城都,#184,瑪力露麗,Azumarill,瑪力露麗
▼地區-城都,#185,樹才怪,Sudowoodo,樹才怪
▼地區-城都,#186,蚊香蛙皇,Politoed,蚊香蛙皇
▼地區-城都,#187,毽子草,Hoppip,毽子棉
▼地區-城都,#188,毽子花,Skiploom,毽子棉
▼地區-城都,#189,毽子棉,Jumpluff,毽子棉
▼地區-城都,#190,長尾怪手,Aipom,雙尾怪手
▼地區-城都,#191,向日種子,Sunkern,向日花怪
▼地區-城都,#192,向日花怪,Sunflora,向日花怪
▼地區-城都,#193,蜻蜻蜓,Yanma,遠古巨蜓
▼地區-城都,#194,烏波,Wooper,沼王
▼地區-城都,#195,沼王,Quagsire,沼王
▼地區-城都,#196,太陽伊布,Espeon,太陽伊布
▼地區-城都,#197,月亮伊布,Umbreon,月亮伊布
▼地區-城都,#198,黑暗鴉,Murkrow,烏鴉頭頭
▼地區-城都,#199,呆呆王,Slowking,呆呆王-城都
▼地區-城都,#200,夢妖,Misdreavus,夢妖魔
▼地區-城都,#201,未知圖騰,Unown,未知圖騰
▼地區-城都,#202,果然翁,Wobbuffet,果然翁
▼地區-城都,#203,麒麟奇,Girafarig,麒麟奇
▼地區-城都,#204,榛果球,Pineco,佛烈托斯
▼地區-城都,#205,佛烈托斯,Forretress,佛烈托斯
▼地區-城都,#206,土龍弟弟,Dunsparce,土龍弟弟
▼地區-城都,#207,天蠍,Gligar,天蠍王
▼地區-城都,#208,大鋼蛇,Steelix,大鋼蛇
▼地區-城都,#209,布魯,Snubbull,布魯皇
▼地區-城都,#210,布魯皇,Granbull,布魯皇
▼地區-城都,#211,千針魚,Qwilfish,千針魚-城都
▼地區-城都,#212,巨鉗螳螂,Scizor,巨鉗螳螂
▼地區-城都,#213,壺壺,Shuckle,壺壺
▼地區-城都,#214,赫拉克羅斯,Heracross,赫拉克羅斯
▼地區-城都,#215,狃拉,Sneasel,瑪狃拉
▼地區-城都,#216,熊寶寶,Teddiursa,月月熊
▼地區-城都,#217,圈圈熊,Ursaring,月月熊
▼地區-城都,#218,熔岩蟲,Slugma,熔岩蝸牛
▼地區-城都,#219,熔岩蝸牛,Magcargo,熔岩蝸牛
▼地區-城都,#220,小山豬,Swinub,象牙豬
▼地區-城都,#221,長毛豬,Piloswine,象牙豬
▼地區-城都,#222,太陽珊瑚,Corsola,太陽珊瑚-城都
▼地區-城都,#223,鐵炮魚,Remoraid,章魚桶
▼地區-城都,#224,章魚桶,Octillery,章魚桶
▼地區-城都,#225,信使鳥,Delibird,信使鳥
▼地區-城都,#226,巨翅飛魚,Mantine,巨翅飛魚
▼地區-城都,#227,盔甲鳥,Skarmory,盔甲鳥
▼地區-城都,#228,戴魯比,Houndour,黑魯加
▼地區-城都,#229,黑魯加,Houndoom,黑魯加
▼地區-城都,#230,刺龍王,Kingdra,刺龍王
▼地區-城都,#231,小小象,Phanpy,頓甲
▼地區-城都,#232,頓甲,Donphan,頓甲
▼地區-城都,#233,多邊獸Ⅱ,Porygon2,多邊獸Ｚ
▼地區-城都,#234,驚角鹿,Stantler,詭角鹿
▼地區-城都,#235,圖圖犬,Smeargle,圖圖犬
▼地區-城都,#236,無畏小子,Tyrogue,戰舞郎
▼地區-城都,#237,戰舞郎,Hitmontop,戰舞郎
▼地區-城都,#238,迷唇娃,Smoochum,迷唇姐
▼地區-城都,#239,電擊怪,Elekid,電擊魔獸
▼地區-城都,#240,鴨嘴寶寶,Magby,鴨嘴炎獸
▼地區-城都,#241,大奶罐,Miltank,大奶罐
▼地區-城都,#242,幸福蛋,Blissey,幸福蛋
▼地區-城都,#243,雷公,Raikou,雷公
▼地區-城都,#244,炎帝,Entei,炎帝
▼地區-城都,#245,水君,Suicune,水君
▼地區-城都,#246,幼基拉斯,Larvitar,班基拉斯
▼地區-城都,#247,沙基拉斯,Pupitar,班基拉斯
▼地區-城都,#248,班基拉斯,Tyranitar,班基拉斯
▼地區-城都,#249,洛奇亞,Lugia,洛奇亞
▼地區-城都,#250,鳳王,Ho-Oh,鳳王
▼地區-城都,#251,時拉比,Celebi,時拉比
▼地區-豐緣,#252,木守宮,Treecko,蜥蜴王
▼地區-豐緣,#253,森林蜥蜴,Grovyle,蜥蜴王
▼地區-豐緣,#254,蜥蜴王,Sceptile,蜥蜴王
▼地區-豐緣,#255,火稚雞,Torchic,火焰雞
▼地區-豐緣,#256,力壯雞,Combusken,火焰雞
▼地區-豐緣,#257,火焰雞,Blaziken,火焰雞
▼地區-豐緣,#258,水躍魚,Mudkip,巨沼怪
▼地區-豐緣,#259,沼躍魚,Marshtomp,巨沼怪
▼地區-豐緣,#260,巨沼怪,Swampert,巨沼怪
▼地區-豐緣,#261,土狼犬,Poochyena,大狼犬
▼地區-豐緣,#262,大狼犬,Mightyena,大狼犬
▼地區-豐緣,#263,蛇紋熊,Zigzagoon,直衝熊-豐緣
▼地區-豐緣,#264,直衝熊,Linoone,直衝熊-豐緣
▼地區-豐緣,#265,刺尾蟲,Wurmple,毒粉蛾
▼地區-豐緣,#266,甲殼繭,Silcoon,狩獵鳳蝶
▼地區-豐緣,#267,狩獵鳳蝶,Beautifly,狩獵鳳蝶
▼地區-豐緣,#268,盾甲繭,Cascoon,毒粉蛾
▼地區-豐緣,#269,毒粉蛾,Dustox,毒粉蛾
▼地區-豐緣,#270,蓮葉童子,Lotad,樂天河童
▼地區-豐緣,#271,蓮帽小童,Lombre,樂天河童
▼地區-豐緣,#272,樂天河童,Ludicolo,樂天河童
▼地區-豐緣,#273,橡實果,Seedot,狡猾天狗
▼地區-豐緣,#274,長鼻葉,Nuzleaf,狡猾天狗
▼地區-豐緣,#275,狡猾天狗,Shiftry,狡猾天狗
▼地區-豐緣,#276,傲骨燕,Taillow,大王燕
▼地區-豐緣,#277,大王燕,Swellow,大王燕
▼地區-豐緣,#278,長翅鷗,Wingull,大嘴鷗
▼地區-豐緣,#279,大嘴鷗,Pelipper,大嘴鷗
▼地區-豐緣,#280,拉魯拉絲,Ralts,艾路雷朵
▼地區-豐緣,#281,奇魯莉安,Kirlia,艾路雷朵
▼地區-豐緣,#282,沙奈朵,Gardevoir,沙奈朵
▼地區-豐緣,#283,溜溜糖球,Surskit,雨翅蛾
▼地區-豐緣,#284,雨翅蛾,Masquerain,雨翅蛾
▼地區-豐緣,#285,蘑蘑菇,Shroomish,斗笠菇
▼地區-豐緣,#286,斗笠菇,Breloom,斗笠菇
▼地區-豐緣,#287,懶人獺,Slakoth,請假王
▼地區-豐緣,#288,過動猿,Vigoroth,請假王
▼地區-豐緣,#289,請假王,Slaking,請假王
▼地區-豐緣,#290,土居忍士,Nincada,脫殼忍者
▼地區-豐緣,#291,鐵面忍者,Ninjask,鐵面忍者
▼地區-豐緣,#292,脫殼忍者,Shedinja,脫殼忍者
▼地區-豐緣,#293,咕妞妞,Whismur,爆音怪
▼地區-豐緣,#294,吼爆彈,Loudred,爆音怪
▼地區-豐緣,#295,爆音怪,Exploud,爆音怪
▼地區-豐緣,#296,幕下力士,Makuhita,鐵掌力士
▼地區-豐緣,#297,鐵掌力士,Hariyama,鐵掌力士
▼地區-豐緣,#298,露力麗,Azurill,瑪力露麗
▼地區-豐緣,#299,朝北鼻,Nosepass,大朝北鼻
▼地區-豐緣,#300,向尾喵,Skitty,優雅貓
▼地區-豐緣,#301,優雅貓,Delcatty,優雅貓
▼地區-豐緣,#302,勾魂眼,Sableye,勾魂眼
▼地區-豐緣,#303,大嘴娃,Mawile,大嘴娃
▼地區-豐緣,#304,可可多拉,Aron,波士可多拉
▼地區-豐緣,#305,可多拉,Lairon,波士可多拉
▼地區-豐緣,#306,波士可多拉,Aggron,波士可多拉
▼地區-豐緣,#307,瑪沙那,Meditite,恰雷姆
▼地區-豐緣,#308,恰雷姆,Medicham,恰雷姆
▼地區-豐緣,#309,落雷獸,Electrike,雷電獸
▼地區-豐緣,#310,雷電獸,Manectric,雷電獸
▼地區-豐緣,#311,正電拍拍,Plusle,正電拍拍
▼地區-豐緣,#312,負電拍拍,Minun,負電拍拍
▼地區-豐緣,#313,電螢蟲,Volbeat,電螢蟲
▼地區-豐緣,#314,甜甜螢,Illumise,甜甜螢
▼地區-豐緣,#315,毒薔薇,Roselia,羅絲雷朵
▼地區-豐緣,#316,溶食獸,Gulpin,吞食獸
▼地區-豐緣,#317,吞食獸,Swalot,吞食獸
▼地區-豐緣,#318,利牙魚,Carvanha,巨牙鯊
▼地區-豐緣,#319,巨牙鯊,Sharpedo,巨牙鯊
▼地區-豐緣,#320,吼吼鯨,Wailmer,吼鯨王
▼地區-豐緣,#321,吼鯨王,Wailord,吼鯨王
▼地區-豐緣,#322,呆火駝,Numel,噴火駝
▼地區-豐緣,#323,噴火駝,Camerupt,噴火駝
▼地區-豐緣,#324,煤炭龜,Torkoal,煤炭龜
▼地區-豐緣,#325,跳跳豬,Spoink,噗噗豬
▼地區-豐緣,#326,噗噗豬,Grumpig,噗噗豬
▼地區-豐緣,#327,晃晃斑,Spinda,晃晃斑
▼地區-豐緣,#328,大顎蟻,Trapinch,沙漠蜻蜓
▼地區-豐緣,#329,超音波幼蟲,Vibrava,沙漠蜻蜓
▼地區-豐緣,#330,沙漠蜻蜓,Flygon,沙漠蜻蜓
▼地區-豐緣,#331,刺球仙人掌,Cacnea,夢歌仙人掌
▼地區-豐緣,#332,夢歌仙人掌,Cacturne,夢歌仙人掌
▼地區-豐緣,#333,青綿鳥,Swablu,七夕青鳥
▼地區-豐緣,#334,七夕青鳥,Altaria,七夕青鳥
▼地區-豐緣,#335,貓鼬斬,Zangoose,貓鼬斬
▼地區-豐緣,#336,飯匙蛇,Seviper,飯匙蛇
▼地區-豐緣,#337,月石,Lunatone,月石
▼地區-豐緣,#338,太陽岩,Solrock,太陽岩
▼地區-豐緣,#339,泥泥鰍,Barboach,鯰魚王
▼地區-豐緣,#340,鯰魚王,Whiscash,鯰魚王
▼地區-豐緣,#341,龍蝦小兵,Corphish,鐵螯龍蝦
▼地區-豐緣,#342,鐵螯龍蝦,Crawdaunt,鐵螯龍蝦
▼地區-豐緣,#343,天秤偶,Baltoy,念力土偶
▼地區-豐緣,#344,念力土偶,Claydol,念力土偶
▼地區-豐緣,#345,觸手百合,Lileep,搖籃百合
▼地區-豐緣,#346,搖籃百合,Cradily,搖籃百合
▼地區-豐緣,#347,太古羽蟲,Anorith,太古盔甲
▼地區-豐緣,#348,太古盔甲,Armaldo,太古盔甲
▼地區-豐緣,#349,醜醜魚,Feebas,美納斯
▼地區-豐緣,#350,美納斯,Milotic,美納斯
▼地區-豐緣,#351,飄浮泡泡,Castform,飄浮泡泡
▼地區-豐緣,#352,變隱龍,Kecleon,變隱龍
▼地區-豐緣,#353,怨影娃娃,Shuppet,詛咒娃娃
▼地區-豐緣,#354,詛咒娃娃,Banette,詛咒娃娃
▼地區-豐緣,#355,夜巡靈,Duskull,黑夜魔靈
▼地區-豐緣,#356,彷徨夜靈,Dusclops,黑夜魔靈
▼地區-豐緣,#357,熱帶龍,Tropius,熱帶龍
▼地區-豐緣,#358,風鈴鈴,Chimecho,風鈴鈴
▼地區-豐緣,#359,阿勃梭魯,Absol,阿勃梭魯
▼地區-豐緣,#360,小果然,Wynaut,果然翁
▼地區-豐緣,#361,雪童子,Snorunt,冰鬼護
▼地區-豐緣,#362,冰鬼護,Glalie,冰鬼護
▼地區-豐緣,#363,海豹球,Spheal,帝牙海獅
▼地區-豐緣,#364,海魔獅,Sealeo,帝牙海獅
▼地區-豐緣,#365,帝牙海獅,Walrein,帝牙海獅
▼地區-豐緣,#366,珍珠貝,Clamperl,獵斑魚
▼地區-豐緣,#367,獵斑魚,Huntail,獵斑魚
▼地區-豐緣,#368,櫻花魚,Gorebyss,櫻花魚
▼地區-豐緣,#369,古空棘魚,Relicanth,古空棘魚
▼地區-豐緣,#370,愛心魚,Luvdisc,愛心魚
▼地區-豐緣,#371,寶貝龍,Bagon,暴飛龍
▼地區-豐緣,#372,甲殼龍,Shelgon,暴飛龍
▼地區-豐緣,#373,暴飛龍,Salamence,暴飛龍
▼地區-豐緣,#374,鐵啞鈴,Beldum,巨金怪
▼地區-豐緣,#375,金屬怪,Metang,巨金怪
▼地區-豐緣,#376,巨金怪,Metagross,巨金怪
▼地區-豐緣,#377,雷吉洛克,Regirock,雷吉洛克
▼地區-豐緣,#378,雷吉艾斯,Regice,雷吉艾斯
▼地區-豐緣,#379,雷吉斯奇魯,Registeel,雷吉斯奇魯
▼地區-豐緣,#380,拉帝亞斯,Latias,拉帝亞斯
▼地區-豐緣,#381,拉帝歐斯,Latios,拉帝歐斯
▼地區-豐緣,#382,蓋歐卡,Kyogre,蓋歐卡
▼地區-豐緣,#383,固拉多,Groudon,固拉多
▼地區-豐緣,#384,烈空坐,Rayquaza,烈空坐
▼地區-豐緣,#385,基拉祈,Jirachi,基拉祈
▼地區-豐緣,#386,代歐奇希斯,Deoxys,代歐奇希斯
▼地區-神奧,#387,草苗龜,Turtwig,土台龜
▼地區-神奧,#388,樹林龜,Grotle,土台龜
▼地區-神奧,#389,土台龜,Torterra,土台龜
▼地區-神奧,#390,小火焰猴,Chimchar,烈焰猴
▼地區-神奧,#391,猛火猴,Monferno,烈焰猴
▼地區-神奧,#392,烈焰猴,Infernape,烈焰猴
▼地區-神奧,#393,波加曼,Piplup,帝王拿波
▼地區-神奧,#394,波皇子,Prinplup,帝王拿波
▼地區-神奧,#395,帝王拿波,Empoleon,帝王拿波
▼地區-神奧,#396,姆克兒,Starly,姆克鷹
▼地區-神奧,#397,姆克鳥,Staravia,姆克鷹
▼地區-神奧,#398,姆克鷹,Staraptor,姆克鷹
▼地區-神奧,#399,大牙狸,Bidoof,大尾狸
▼地區-神奧,#400,大尾狸,Bibarel,大尾狸
▼地區-神奧,#401,圓法師,Kricketot,音箱蟀
▼地區-神奧,#402,音箱蟀,Kricketune,音箱蟀
▼地區-神奧,#403,小貓怪,Shinx,倫琴貓
▼地區-神奧,#404,勒克貓,Luxio,倫琴貓
▼地區-神奧,#405,倫琴貓,Luxray,倫琴貓
▼地區-神奧,#406,含羞苞,Budew,羅絲雷朵
▼地區-神奧,#407,羅絲雷朵,Roserade,羅絲雷朵
▼地區-神奧,#408,頭蓋龍,Cranidos,戰槌龍
▼地區-神奧,#409,戰槌龍,Rampardos,戰槌龍
▼地區-神奧,#410,盾甲龍,Shieldon,護城龍
▼地區-神奧,#411,護城龍,Bastiodon,護城龍
▼地區-神奧,#412,結草兒,Burmy,結草貴婦
▼地區-神奧,#413,結草貴婦,Wormadam,結草貴婦
▼地區-神奧,#414,紳士蛾,Mothim,紳士蛾
▼地區-神奧,#415,三蜜蜂,Combee,蜂女王
▼地區-神奧,#416,蜂女王,Vespiquen,蜂女王
▼地區-神奧,#417,帕奇利茲,Pachirisu,帕奇利茲
▼地區-神奧,#418,泳圈鼬,Buizel,浮潛鼬
▼地區-神奧,#419,浮潛鼬,Floatzel,浮潛鼬
▼地區-神奧,#420,櫻花寶,Cherubi,櫻花兒
▼地區-神奧,#421,櫻花兒,Cherrim,櫻花兒
▼地區-神奧,#422,無殼海兔,Shellos,海兔獸
▼地區-神奧,#423,海兔獸,Gastrodon,海兔獸
▼地區-神奧,#424,雙尾怪手,Ambipom,雙尾怪手
▼地區-神奧,#425,飄飄球,Drifloon,隨風球
▼地區-神奧,#426,隨風球,Drifblim,隨風球
▼地區-神奧,#427,捲捲耳,Buneary,長耳兔
▼地區-神奧,#428,長耳兔,Lopunny,長耳兔
▼地區-神奧,#429,夢妖魔,Mismagius,夢妖魔
▼地區-神奧,#430,烏鴉頭頭,Honchkrow,烏鴉頭頭
▼地區-神奧,#431,魅力喵,Glameow,東施喵
▼地區-神奧,#432,東施喵,Purugly,東施喵
▼地區-神奧,#433,鈴鐺響,Chingling,風鈴鈴
▼地區-神奧,#434,臭鼬噗,Stunky,坦克臭鼬
▼地區-神奧,#435,坦克臭鼬,Skuntank,坦克臭鼬
▼地區-神奧,#436,銅鏡怪,Bronzor,青銅鐘
▼地區-神奧,#437,青銅鐘,Bronzong,青銅鐘
▼地區-神奧,#438,盆才怪,Bonsly,樹才怪
▼地區-神奧,#439,魔尼尼,Mime Jr.,踏冰人偶
▼地區-神奧,#440,小福蛋,Happiny,幸福蛋
▼地區-神奧,#441,聒噪鳥,Chatot,聒噪鳥
▼地區-神奧,#442,花岩怪,Spiritomb,花岩怪
▼地區-神奧,#443,圓陸鯊,Gible,烈咬陸鯊
▼地區-神奧,#444,尖牙陸鯊,Gabite,烈咬陸鯊
▼地區-神奧,#445,烈咬陸鯊,Garchomp,烈咬陸鯊
▼地區-神奧,#446,小卡比獸,Munchlax,卡比獸
▼地區-神奧,#447,利歐路,Riolu,路卡利歐
▼地區-神奧,#448,路卡利歐,Lucario,路卡利歐
▼地區-神奧,#449,沙河馬,Hippopotas,河馬獸
▼地區-神奧,#450,河馬獸,Hippowdon,河馬獸
▼地區-神奧,#451,鉗尾蠍,Skorupi,龍王蠍
▼地區-神奧,#452,龍王蠍,Drapion,龍王蠍
▼地區-神奧,#453,不良蛙,Croagunk,毒骷蛙
▼地區-神奧,#454,毒骷蛙,Toxicroak,毒骷蛙
▼地區-神奧,#455,尖牙籠,Carnivine,尖牙籠
▼地區-神奧,#456,螢光魚,Finneon,霓虹魚
▼地區-神奧,#457,霓虹魚,Lumineon,霓虹魚
▼地區-神奧,#458,小球飛魚,Mantyke,巨翅飛魚
▼地區-神奧,#459,雪笠怪,Snover,暴雪王
▼地區-神奧,#460,暴雪王,Abomasnow,暴雪王
▼地區-神奧,#461,瑪狃拉,Weavile,瑪狃拉
▼地區-神奧,#462,自爆磁怪,Magnezone,自爆磁怪
▼地區-神奧,#463,大舌舔,Lickilicky,大舌舔
▼地區-神奧,#464,超甲狂犀,Rhyperior,超甲狂犀
▼地區-神奧,#465,巨蔓藤,Tangrowth,巨蔓藤
▼地區-神奧,#466,電擊魔獸,Electivire,電擊魔獸
▼地區-神奧,#467,鴨嘴炎獸,Magmortar,鴨嘴炎獸
▼地區-神奧,#468,波克基斯,Togekiss,波克基斯
▼地區-神奧,#469,遠古巨蜓,Yanmega,遠古巨蜓
▼地區-神奧,#470,葉伊布,Leafeon,葉伊布
▼地區-神奧,#471,冰伊布,Glaceon,冰伊布
▼地區-神奧,#472,天蠍王,Gliscor,天蠍王
▼地區-神奧,#473,象牙豬,Mamoswine,象牙豬
▼地區-神奧,#474,多邊獸Ｚ,Porygon-Z,多邊獸Ｚ
▼地區-神奧,#475,艾路雷朵,Gallade,艾路雷朵
▼地區-神奧,#476,大朝北鼻,Probopass,大朝北鼻
▼地區-神奧,#477,黑夜魔靈,Dusknoir,黑夜魔靈
▼地區-神奧,#478,雪妖女,Froslass,雪妖女
▼地區-神奧,#479,洛托姆,Rotom,洛托姆
▼地區-神奧,#480,由克希,Uxie,由克希
▼地區-神奧,#481,艾姆利多,Mesprit,艾姆利多
▼地區-神奧,#482,亞克諾姆,Azelf,亞克諾姆
▼地區-神奧,#483,帝牙盧卡,Dialga,帝牙盧卡
▼地區-神奧,#484,帕路奇亞,Palkia,帕路奇亞
▼地區-神奧,#485,席多藍恩,Heatran,席多藍恩
▼地區-神奧,#486,雷吉奇卡斯,Regigigas,雷吉奇卡斯
▼地區-神奧,#487,騎拉帝納,Giratina,騎拉帝納
▼地區-神奧,#488,克雷色利亞,Cresselia,克雷色利亞
▼地區-神奧,#489,霏歐納,Phione,霏歐納
▼地區-神奧,#490,瑪納霏,Manaphy,瑪納霏
▼地區-神奧,#491,達克萊伊,Darkrai,達克萊伊
▼地區-神奧,#492,謝米,Shaymin,謝米
▼地區-神奧,#493,阿爾宙斯,Arceus,阿爾宙斯
▼地區-合眾,#494,比克提尼,Victini,比克提尼
▼地區-合眾,#495,藤藤蛇,Snivy,君主蛇
▼地區-合眾,#496,青藤蛇,Servine,君主蛇
▼地區-合眾,#497,君主蛇,Serperior,君主蛇
▼地區-合眾,#498,暖暖豬,Tepig,炎武王
▼地區-合眾,#499,炒炒豬,Pignite,炎武王
▼地區-合眾,#500,炎武王,Emboar,炎武王
▼地區-合眾,#501,水水獺,Oshawott,大劍鬼-洗翠
▼地區-合眾,#502,雙刃丸,Dewott,大劍鬼-洗翠
▼地區-合眾,#503,大劍鬼,Samurott,大劍鬼-合眾
▼地區-合眾,#504,探探鼠,Patrat,步哨鼠
▼地區-合眾,#505,步哨鼠,Watchog,步哨鼠
▼地區-合眾,#506,小約克,Lillipup,長毛狗
▼地區-合眾,#507,哈約克,Herdier,長毛狗
▼地區-合眾,#508,長毛狗,Stoutland,長毛狗
▼地區-合眾,#509,扒手貓,Purrloin,酷豹
▼地區-合眾,#510,酷豹,Liepard,酷豹
▼地區-合眾,#511,花椰猴,Pansage,花椰猿
▼地區-合眾,#512,花椰猿,Simisage,花椰猿
▼地區-合眾,#513,爆香猴,Pansear,爆香猿
▼地區-合眾,#514,爆香猿,Simisear,爆香猿
▼地區-合眾,#515,冷水猴,Panpour,冷水猿
▼地區-合眾,#516,冷水猿,Simipour,冷水猿
▼地區-合眾,#517,食夢夢,Munna,夢夢蝕
▼地區-合眾,#518,夢夢蝕,Musharna,夢夢蝕
▼地區-合眾,#519,豆豆鴿,Pidove,高傲雉雞
▼地區-合眾,#520,咕咕鴿,Tranquill,高傲雉雞
▼地區-合眾,#521,高傲雉雞,Unfezant,高傲雉雞
▼地區-合眾,#522,斑斑馬,Blitzle,雷電斑馬
▼地區-合眾,#523,雷電斑馬,Zebstrika,雷電斑馬
▼地區-合眾,#524,石丸子,Roggenrola,龐岩怪
▼地區-合眾,#525,地幔岩,Boldore,龐岩怪
▼地區-合眾,#526,龐岩怪,Gigalith,龐岩怪
▼地區-合眾,#527,滾滾蝙蝠,Woobat,心蝙蝠
▼地區-合眾,#528,心蝙蝠,Swoobat,心蝙蝠
▼地區-合眾,#529,螺釘地鼠,Drilbur,龍頭地鼠
▼地區-合眾,#530,龍頭地鼠,Excadrill,龍頭地鼠
▼地區-合眾,#531,差不多娃娃,Audino,差不多娃娃
▼地區-合眾,#532,搬運小匠,Timburr,修建老匠
▼地區-合眾,#533,鐵骨土人,Gurdurr,修建老匠
▼地區-合眾,#534,修建老匠,Conkeldurr,修建老匠
▼地區-合眾,#535,圓蝌蚪,Tympole,蟾蜍王
▼地區-合眾,#536,藍蟾蜍,Palpitoad,蟾蜍王
▼地區-合眾,#537,蟾蜍王,Seismitoad,蟾蜍王
▼地區-合眾,#538,投摔鬼,Throh,投摔鬼
▼地區-合眾,#539,打擊鬼,Sawk,打擊鬼
▼地區-合眾,#540,蟲寶包,Sewaddle,保母蟲
▼地區-合眾,#541,寶包繭,Swadloon,保母蟲
▼地區-合眾,#542,保母蟲,Leavanny,保母蟲
▼地區-合眾,#543,百足蜈蚣,Venipede,蜈蚣王
▼地區-合眾,#544,車輪毬,Whirlipede,蜈蚣王
▼地區-合眾,#545,蜈蚣王,Scolipede,蜈蚣王
▼地區-合眾,#546,木棉球,Cottonee,風妖精
▼地區-合眾,#547,風妖精,Whimsicott,風妖精
▼地區-合眾,#548,百合根娃娃,Petilil,裙兒小姐-洗翠
▼地區-合眾,#549,裙兒小姐,Lilligant,裙兒小姐-合眾
▼地區-合眾,#550,野蠻鱸魚,Basculin,野蠻鱸魚
▼地區-合眾,#551,黑眼鱷,Sandile,流氓鱷
▼地區-合眾,#552,混混鱷,Krokorok,流氓鱷
▼地區-合眾,#553,流氓鱷,Krookodile,流氓鱷
▼地區-合眾,#554,火紅不倒翁,Darumaka,達摩狒狒-合眾
▼地區-合眾,#555,達摩狒狒,Darmanitan,達摩狒狒-合眾
▼地區-合眾,#556,沙鈴仙人掌,Maractus,沙鈴仙人掌
▼地區-合眾,#557,石居蟹,Dwebble,岩殿居蟹
▼地區-合眾,#558,岩殿居蟹,Crustle,岩殿居蟹
▼地區-合眾,#559,滑滑小子,Scraggy,頭巾混混
▼地區-合眾,#560,頭巾混混,Scrafty,頭巾混混
▼地區-合眾,#561,象徵鳥,Sigilyph,象徵鳥
▼地區-合眾,#562,哭哭面具,Yamask,死神棺
▼地區-合眾,#563,死神棺,Cofagrigus,死神棺
▼地區-合眾,#564,原蓋海龜,Tirtouga,肋骨海龜
▼地區-合眾,#565,肋骨海龜,Carracosta,肋骨海龜
▼地區-合眾,#566,始祖小鳥,Archen,始祖大鳥
▼地區-合眾,#567,始祖大鳥,Archeops,始祖大鳥
▼地區-合眾,#568,破破袋,Trubbish,灰塵山
▼地區-合眾,#569,灰塵山,Garbodor,灰塵山
▼地區-合眾,#570,索羅亞,Zorua,索羅亞克-合眾
▼地區-合眾,#571,索羅亞克,Zoroark,索羅亞克-合眾
▼地區-合眾,#572,泡沫栗鼠,Minccino,奇諾栗鼠
▼地區-合眾,#573,奇諾栗鼠,Cinccino,奇諾栗鼠
▼地區-合眾,#574,哥德寶寶,Gothita,哥德小姐
▼地區-合眾,#575,哥德小童,Gothorita,哥德小姐
▼地區-合眾,#576,哥德小姐,Gothitelle,哥德小姐
▼地區-合眾,#577,單卵細胞球,Solosis,人造細胞卵
▼地區-合眾,#578,雙卵細胞球,Duosion,人造細胞卵
▼地區-合眾,#579,人造細胞卵,Reuniclus,人造細胞卵
▼地區-合眾,#580,鴨寶寶,Ducklett,舞天鵝
▼地區-合眾,#581,舞天鵝,Swanna,舞天鵝
▼地區-合眾,#582,迷你冰,Vanillite,雙倍多多冰
▼地區-合眾,#583,多多冰,Vanillish,雙倍多多冰
▼地區-合眾,#584,雙倍多多冰,Vanilluxe,雙倍多多冰
▼地區-合眾,#585,四季鹿,Deerling,萌芽鹿
▼地區-合眾,#586,萌芽鹿,Sawsbuck,萌芽鹿
▼地區-合眾,#587,電飛鼠,Emolga,電飛鼠
▼地區-合眾,#588,蓋蓋蟲,Karrablast,騎士蝸牛
▼地區-合眾,#589,騎士蝸牛,Escavalier,騎士蝸牛
▼地區-合眾,#590,哎呀球菇,Foongus,敗露球菇
▼地區-合眾,#591,敗露球菇,Amoonguss,敗露球菇
▼地區-合眾,#592,輕飄飄,Frillish,胖嘟嘟
▼地區-合眾,#593,胖嘟嘟,Jellicent,胖嘟嘟
▼地區-合眾,#594,保母曼波,Alomomola,保母曼波
▼地區-合眾,#595,電電蟲,Joltik,電蜘蛛
▼地區-合眾,#596,電蜘蛛,Galvantula,電蜘蛛
▼地區-合眾,#597,種子鐵球,Ferroseed,堅果啞鈴
▼地區-合眾,#598,堅果啞鈴,Ferrothorn,堅果啞鈴
▼地區-合眾,#599,齒輪兒,Klink,齒輪怪
▼地區-合眾,#600,齒輪組,Klang,齒輪怪
▼地區-合眾,#601,齒輪怪,Klinklang,齒輪怪
▼地區-合眾,#602,麻麻小魚,Tynamo,麻麻鰻魚王
▼地區-合眾,#603,麻麻鰻,Eelektrik,麻麻鰻魚王
▼地區-合眾,#604,麻麻鰻魚王,Eelektross,麻麻鰻魚王
▼地區-合眾,#605,小灰怪,Elgyem,大宇怪
▼地區-合眾,#606,大宇怪,Beheeyem,大宇怪
▼地區-合眾,#607,燭光靈,Litwick,水晶燈火靈
▼地區-合眾,#608,燈火幽靈,Lampent,水晶燈火靈
▼地區-合眾,#609,水晶燈火靈,Chandelure,水晶燈火靈
▼地區-合眾,#610,牙牙,Axew,雙斧戰龍
▼地區-合眾,#611,斧牙龍,Fraxure,雙斧戰龍
▼地區-合眾,#612,雙斧戰龍,Haxorus,雙斧戰龍
▼地區-合眾,#613,噴嚏熊,Cubchoo,凍原熊
▼地區-合眾,#614,凍原熊,Beartic,凍原熊
▼地區-合眾,#615,幾何雪花,Cryogonal,幾何雪花
▼地區-合眾,#616,小嘴蝸,Shelmet,敏捷蟲
▼地區-合眾,#617,敏捷蟲,Accelgor,敏捷蟲
▼地區-合眾,#618,泥巴魚,Stunfisk,泥巴魚-合眾
▼地區-合眾,#619,功夫鼬,Mienfoo,師父鼬
▼地區-合眾,#620,師父鼬,Mienshao,師父鼬
▼地區-合眾,#621,赤面龍,Druddigon,赤面龍
▼地區-合眾,#622,泥偶小人,Golett,泥偶巨人
▼地區-合眾,#623,泥偶巨人,Golurk,泥偶巨人
▼地區-合眾,#624,駒刀小兵,Pawniard,劈斬司令
▼地區-合眾,#625,劈斬司令,Bisharp,劈斬司令
▼地區-合眾,#626,爆炸頭水牛,Bouffalant,爆炸頭水牛
▼地區-合眾,#627,毛頭小鷹,Rufflet,勇士雄鷹-洗翠
▼地區-合眾,#628,勇士雄鷹,Braviary,勇士雄鷹-合眾
▼地區-合眾,#629,禿鷹丫頭,Vullaby,禿鷹娜
▼地區-合眾,#630,禿鷹娜,Mandibuzz,禿鷹娜
▼地區-合眾,#631,熔蟻獸,Heatmor,熔蟻獸
▼地區-合眾,#632,鐵蟻,Durant,鐵蟻
▼地區-合眾,#633,單首龍,Deino,三首惡龍
▼地區-合眾,#634,雙首暴龍,Zweilous,三首惡龍
▼地區-合眾,#635,三首惡龍,Hydreigon,三首惡龍
▼地區-合眾,#636,燃燒蟲,Larvesta,火神蛾
▼地區-合眾,#637,火神蛾,Volcarona,火神蛾
▼地區-合眾,#638,勾帕路翁,Cobalion,勾帕路翁
▼地區-合眾,#639,代拉基翁,Terrakion,代拉基翁
▼地區-合眾,#640,畢力吉翁,Virizion,畢力吉翁
▼地區-合眾,#641,龍捲雲,Tornadus,龍捲雲
▼地區-合眾,#642,雷電雲,Thundurus,雷電雲
▼地區-合眾,#643,萊希拉姆,Reshiram,萊希拉姆
▼地區-合眾,#644,捷克羅姆,Zekrom,捷克羅姆
▼地區-合眾,#645,土地雲,Landorus,土地雲
▼地區-合眾,#646,酋雷姆,Kyurem,酋雷姆
▼地區-合眾,#647,凱路迪歐,Keldeo,凱路迪歐
▼地區-合眾,#648,美洛耶塔,Meloetta,美洛耶塔
▼地區-合眾,#649,蓋諾賽克特,Genesect,蓋諾賽克特
▼地區-卡洛斯,#650,哈力栗,Chespin,布里卡隆
▼地區-卡洛斯,#651,胖胖哈力,Quilladin,布里卡隆
▼地區-卡洛斯,#652,布里卡隆,Chesnaught,布里卡隆
▼地區-卡洛斯,#653,火狐狸,Fennekin,妖火紅狐
▼地區-卡洛斯,#654,長尾火狐,Braixen,妖火紅狐
▼地區-卡洛斯,#655,妖火紅狐,Delphox,妖火紅狐
▼地區-卡洛斯,#656,呱呱泡蛙,Froakie,甲賀忍蛙
▼地區-卡洛斯,#657,呱頭蛙,Frogadier,甲賀忍蛙
▼地區-卡洛斯,#658,甲賀忍蛙,Greninja,甲賀忍蛙
▼地區-卡洛斯,#659,掘掘兔,Bunnelby,掘地兔
▼地區-卡洛斯,#660,掘地兔,Diggersby,掘地兔
▼地區-卡洛斯,#661,小箭雀,Fletchling,烈箭鷹
▼地區-卡洛斯,#662,火箭雀,Fletchinder,烈箭鷹
▼地區-卡洛斯,#663,烈箭鷹,Talonflame,烈箭鷹
▼地區-卡洛斯,#664,粉蝶蟲,Scatterbug,彩粉蝶
▼地區-卡洛斯,#665,粉蝶蛹,Spewpa,彩粉蝶
▼地區-卡洛斯,#666,彩粉蝶,Vivillon,彩粉蝶
▼地區-卡洛斯,#667,小獅獅,Litleo,火炎獅
▼地區-卡洛斯,#668,火炎獅,Pyroar,火炎獅
▼地區-卡洛斯,#669,花蓓蓓,Flabébé,花潔夫人
▼地區-卡洛斯,#670,花葉蒂,Floette,花潔夫人
▼地區-卡洛斯,#671,花潔夫人,Florges,花潔夫人
▼地區-卡洛斯,#672,坐騎小羊,Skiddo,坐騎山羊
▼地區-卡洛斯,#673,坐騎山羊,Gogoat,坐騎山羊
▼地區-卡洛斯,#674,頑皮熊貓,Pancham,流氓熊貓
▼地區-卡洛斯,#675,流氓熊貓,Pangoro,流氓熊貓
▼地區-卡洛斯,#676,多麗米亞,Furfrou,多麗米亞
▼地區-卡洛斯,#677,妙喵,Espurr,超能妙喵
▼地區-卡洛斯,#678,超能妙喵,Meowstic,超能妙喵
▼地區-卡洛斯,#679,獨劍鞘,Honedge,堅盾劍怪
▼地區-卡洛斯,#680,雙劍鞘,Doublade,堅盾劍怪
▼地區-卡洛斯,#681,堅盾劍怪,Aegislash,堅盾劍怪
▼地區-卡洛斯,#682,粉香香,Spritzee,芳香精
▼地區-卡洛斯,#683,芳香精,Aromatisse,芳香精
▼地區-卡洛斯,#684,綿綿泡芙,Swirlix,胖甜妮
▼地區-卡洛斯,#685,胖甜妮,Slurpuff,胖甜妮
▼地區-卡洛斯,#686,好啦魷,Inkay,烏賊王
▼地區-卡洛斯,#687,烏賊王,Malamar,烏賊王
▼地區-卡洛斯,#688,龜腳腳,Binacle,龜足巨鎧
▼地區-卡洛斯,#689,龜足巨鎧,Barbaracle,龜足巨鎧
▼地區-卡洛斯,#690,垃垃藻,Skrelp,毒藻龍
▼地區-卡洛斯,#691,毒藻龍,Dragalge,毒藻龍
▼地區-卡洛斯,#692,鐵臂槍蝦,Clauncher,鋼炮臂蝦
▼地區-卡洛斯,#693,鋼炮臂蝦,Clawitzer,鋼炮臂蝦
▼地區-卡洛斯,#694,傘電蜥,Helioptile,光電傘蜥
▼地區-卡洛斯,#695,光電傘蜥,Heliolisk,光電傘蜥
▼地區-卡洛斯,#696,寶寶暴龍,Tyrunt,怪顎龍
▼地區-卡洛斯,#697,怪顎龍,Tyrantrum,怪顎龍
▼地區-卡洛斯,#698,冰雪龍,Amaura,冰雪巨龍
▼地區-卡洛斯,#699,冰雪巨龍,Aurorus,冰雪巨龍
▼地區-卡洛斯,#700,仙子伊布,Sylveon,仙子伊布
▼地區-卡洛斯,#701,摔角鷹人,Hawlucha,摔角鷹人
▼地區-卡洛斯,#702,咚咚鼠,Dedenne,咚咚鼠
▼地區-卡洛斯,#703,小碎鑽,Carbink,小碎鑽
▼地區-卡洛斯,#704,黏黏寶,Goomy,黏美龍-洗翠
▼地區-卡洛斯,#705,黏美兒,Sliggoo,黏美龍-卡洛斯
▼地區-卡洛斯,#706,黏美龍,Goodra,黏美龍-卡洛斯
▼地區-卡洛斯,#707,鑰圈兒,Klefki,鑰圈兒
▼地區-卡洛斯,#708,小木靈,Phantump,朽木妖
▼地區-卡洛斯,#709,朽木妖,Trevenant,朽木妖
▼地區-卡洛斯,#710,南瓜精,Pumpkaboo,南瓜怪人
▼地區-卡洛斯,#711,南瓜怪人,Gourgeist,南瓜怪人
▼地區-卡洛斯,#712,冰寶,Bergmite,冰岩怪-洗翠
▼地區-卡洛斯,#713,冰岩怪,Avalugg,冰岩怪-卡洛斯
▼地區-卡洛斯,#714,嗡蝠,Noibat,音波龍
▼地區-卡洛斯,#715,音波龍,Noivern,音波龍
▼地區-卡洛斯,#716,哲爾尼亞斯,Xerneas,哲爾尼亞斯
▼地區-卡洛斯,#717,伊裴爾塔爾,Yveltal,伊裴爾塔爾
▼地區-卡洛斯,#718,基格爾德,Zygarde,基格爾德
▼地區-卡洛斯,#719,蒂安希,Diancie,蒂安希
▼地區-卡洛斯,#720,胡帕,Hoopa,胡帕
▼地區-卡洛斯,#721,波爾凱尼恩,Volcanion,波爾凱尼恩
▼地區-阿羅拉,#722,木木梟,Rowlet,狙射樹梟-洗翠
▼地區-阿羅拉,#723,投羽梟,Dartrix,狙射樹梟-洗翠
▼地區-阿羅拉,#724,狙射樹梟,Decidueye,狙射樹梟-阿羅拉
▼地區-阿羅拉,#725,火斑喵,Litten,熾焰咆哮虎
▼地區-阿羅拉,#726,炎熱喵,Torracat,熾焰咆哮虎
▼地區-阿羅拉,#727,熾焰咆哮虎,Incineroar,熾焰咆哮虎
▼地區-阿羅拉,#728,球球海獅,Popplio,西獅海壬
▼地區-阿羅拉,#729,花漾海獅,Brionne,西獅海壬
▼地區-阿羅拉,#730,西獅海壬,Primarina,西獅海壬
▼地區-阿羅拉,#731,小篤兒,Pikipek,銃嘴大鳥
▼地區-阿羅拉,#732,喇叭啄鳥,Trumbeak,銃嘴大鳥
▼地區-阿羅拉,#733,銃嘴大鳥,Toucannon,銃嘴大鳥
▼地區-阿羅拉,#734,貓鼬少,Yungoos,貓鼬探長
▼地區-阿羅拉,#735,貓鼬探長,Gumshoos,貓鼬探長
▼地區-阿羅拉,#736,強顎雞母蟲,Grubbin,鍬農炮蟲
▼地區-阿羅拉,#737,蟲電寶,Charjabug,鍬農炮蟲
▼地區-阿羅拉,#738,鍬農炮蟲,Vikavolt,鍬農炮蟲
▼地區-阿羅拉,#739,好勝蟹,Crabrawler,好勝毛蟹
▼地區-阿羅拉,#740,好勝毛蟹,Crabominable,好勝毛蟹
▼地區-阿羅拉,#741,花舞鳥,Oricorio,花舞鳥
▼地區-阿羅拉,#742,萌虻,Cutiefly,蝶結萌虻
▼地區-阿羅拉,#743,蝶結萌虻,Ribombee,蝶結萌虻
▼地區-阿羅拉,#744,岩狗狗,Rockruff,鬃岩狼人-dusk form
▼地區-阿羅拉,#745,鬃岩狼人,Lycanroc,
▼地區-阿羅拉,#746,弱丁魚,Wishiwashi,弱丁魚
▼地區-阿羅拉,#747,好壞星,Mareanie,超壞星
▼地區-阿羅拉,#748,超壞星,Toxapex,超壞星
▼地區-阿羅拉,#749,泥驢仔,Mudbray,重泥挽馬
▼地區-阿羅拉,#750,重泥挽馬,Mudsdale,重泥挽馬
▼地區-阿羅拉,#751,滴蛛,Dewpider,滴蛛霸
▼地區-阿羅拉,#752,滴蛛霸,Araquanid,滴蛛霸
▼地區-阿羅拉,#753,偽螳草,Fomantis,蘭螳花
▼地區-阿羅拉,#754,蘭螳花,Lurantis,蘭螳花
▼地區-阿羅拉,#755,睡睡菇,Morelull,燈罩夜菇
▼地區-阿羅拉,#756,燈罩夜菇,Shiinotic,燈罩夜菇
▼地區-阿羅拉,#757,夜盜火蜥,Salandit,焰后蜥
▼地區-阿羅拉,#758,焰后蜥,Salazzle,焰后蜥
▼地區-阿羅拉,#759,童偶熊,Stufful,穿著熊
▼地區-阿羅拉,#760,穿著熊,Bewear,穿著熊
▼地區-阿羅拉,#761,甜竹竹,Bounsweet,甜冷美后
▼地區-阿羅拉,#762,甜舞妮,Steenee,甜冷美后
▼地區-阿羅拉,#763,甜冷美后,Tsareena,甜冷美后
▼地區-阿羅拉,#764,花療環環,Comfey,花療環環
▼地區-阿羅拉,#765,智揮猩,Oranguru,智揮猩
▼地區-阿羅拉,#766,投擲猴,Passimian,投擲猴
▼地區-阿羅拉,#767,膽小蟲,Wimpod,具甲武者
▼地區-阿羅拉,#768,具甲武者,Golisopod,具甲武者
▼地區-阿羅拉,#769,沙丘娃,Sandygast,噬沙堡爺
▼地區-阿羅拉,#770,噬沙堡爺,Palossand,噬沙堡爺
▼地區-阿羅拉,#771,拳海參,Pyukumuku,拳海參
▼地區-阿羅拉,#772,屬性：空,Type: Null,銀伴戰獸
▼地區-阿羅拉,#773,銀伴戰獸,Silvally,銀伴戰獸
▼地區-阿羅拉,#774,小隕星,Minior,小隕星
▼地區-阿羅拉,#775,樹枕尾熊,Komala,樹枕尾熊
▼地區-阿羅拉,#776,爆焰龜獸,Turtonator,爆焰龜獸
▼地區-阿羅拉,#777,托戈德瑪爾,Togedemaru,托戈德瑪爾
▼地區-阿羅拉,#778,謎擬Ｑ,Mimikyu,謎擬Ｑ
▼地區-阿羅拉,#779,磨牙彩皮魚,Bruxish,磨牙彩皮魚
▼地區-阿羅拉,#780,老翁龍,Drampa,老翁龍
▼地區-阿羅拉,#781,破破舵輪,Dhelmise,破破舵輪
▼地區-阿羅拉,#782,心鱗寶,Jangmo-o,杖尾鱗甲龍
▼地區-阿羅拉,#783,鱗甲龍,Hakamo-o,杖尾鱗甲龍
▼地區-阿羅拉,#784,杖尾鱗甲龍,Kommo-o,杖尾鱗甲龍
▼地區-阿羅拉,#785,卡璞・鳴鳴,Tapu Koko,卡璞・鳴鳴
▼地區-阿羅拉,#786,卡璞・蝶蝶,Tapu Lele,卡璞・蝶蝶
▼地區-阿羅拉,#787,卡璞・哞哞,Tapu Bulu,卡璞・哞哞
▼地區-阿羅拉,#788,卡璞・鰭鰭,Tapu Fini,卡璞・鰭鰭
▼地區-阿羅拉,#789,科斯莫古,Cosmog,索爾迦雷歐
▼地區-阿羅拉,#790,科斯莫姆,Cosmoem,索爾迦雷歐
▼地區-阿羅拉,#791,索爾迦雷歐,Solgaleo,索爾迦雷歐
▼地區-阿羅拉,#792,露奈雅拉,Lunala,露奈雅拉
▼地區-阿羅拉,#793,虛吾伊德,Nihilego,虛吾伊德
▼地區-阿羅拉,#794,爆肌蚊,Buzzwole,爆肌蚊
▼地區-阿羅拉,#795,費洛美螂,Pheromosa,費洛美螂
▼地區-阿羅拉,#796,電束木,Xurkitree,電束木
▼地區-阿羅拉,#797,鐵火輝夜,Celesteela,鐵火輝夜
▼地區-阿羅拉,#798,紙御劍,Kartana,紙御劍
▼地區-阿羅拉,#799,惡食大王,Guzzlord,惡食大王
▼地區-阿羅拉,#800,奈克洛茲瑪,Necrozma,奈克洛茲瑪
▼地區-阿羅拉,#801,瑪機雅娜,Magearna,瑪機雅娜
▼地區-阿羅拉,#802,瑪夏多,Marshadow,瑪夏多
▼地區-阿羅拉,#803,毒貝比,Poipole,四顎針龍
▼地區-阿羅拉,#804,四顎針龍,Naganadel,四顎針龍
▼地區-阿羅拉,#805,壘磊石,Stakataka,壘磊石
▼地區-阿羅拉,#806,砰頭小丑,Blacephalon,砰頭小丑
▼地區-阿羅拉,#807,捷拉奧拉,Zeraora,捷拉奧拉
▼地區-伽勒爾,#808,美錄坦,Meltan,美錄梅塔
▼地區-伽勒爾,#809,美錄梅塔,Melmetal,美錄梅塔
▼地區-伽勒爾,#810,敲音猴,Grookey,轟擂金剛猩
▼地區-伽勒爾,#811,啪咚猴,Thwackey,轟擂金剛猩
▼地區-伽勒爾,#812,轟擂金剛猩,Rillaboom,轟擂金剛猩
▼地區-伽勒爾,#813,炎兔兒,Scorbunny,閃焰王牌
▼地區-伽勒爾,#814,騰蹴小將,Raboot,閃焰王牌
▼地區-伽勒爾,#815,閃焰王牌,Cinderace,閃焰王牌
▼地區-伽勒爾,#816,淚眼蜥,Sobble,千面避役
▼地區-伽勒爾,#817,變澀蜥,Drizzile,千面避役
▼地區-伽勒爾,#818,千面避役,Inteleon,千面避役
▼地區-伽勒爾,#819,貪心栗鼠,Skwovet,藏飽栗鼠
▼地區-伽勒爾,#820,藏飽栗鼠,Greedent,藏飽栗鼠
▼地區-伽勒爾,#821,稚山雀,Rookidee,鋼鎧鴉
▼地區-伽勒爾,#822,藍鴉,Corvisquire,鋼鎧鴉
▼地區-伽勒爾,#823,鋼鎧鴉,Corviknight,鋼鎧鴉
▼地區-伽勒爾,#824,索偵蟲,Blipbug,以歐路普
▼地區-伽勒爾,#825,天罩蟲,Dottler,以歐路普
▼地區-伽勒爾,#826,以歐路普,Orbeetle,以歐路普
▼地區-伽勒爾,#827,偷兒狐,Nickit,狐大盜
▼地區-伽勒爾,#828,狐大盜,Thievul,狐大盜
▼地區-伽勒爾,#829,幼棉棉,Gossifleur,白蓬蓬
▼地區-伽勒爾,#830,白蓬蓬,Eldegoss,白蓬蓬
▼地區-伽勒爾,#831,毛辮羊,Wooloo,毛毛角羊
▼地區-伽勒爾,#832,毛毛角羊,Dubwool,毛毛角羊
▼地區-伽勒爾,#833,咬咬龜,Chewtle,暴噬龜
▼地區-伽勒爾,#834,暴噬龜,Drednaw,暴噬龜
▼地區-伽勒爾,#835,來電汪,Yamper,逐電犬
▼地區-伽勒爾,#836,逐電犬,Boltund,逐電犬
▼地區-伽勒爾,#837,小炭仔,Rolycoly,巨炭山
▼地區-伽勒爾,#838,大炭車,Carkol,巨炭山
▼地區-伽勒爾,#839,巨炭山,Coalossal,巨炭山
▼地區-伽勒爾,#840,啃果蟲,Applin,豐蜜龍
▼地區-伽勒爾,#841,蘋裹龍,Flapple,蘋裹龍
▼地區-伽勒爾,#842,豐蜜龍,Appletun,豐蜜龍
▼地區-伽勒爾,#843,沙包蛇,Silicobra,沙螺蟒
▼地區-伽勒爾,#844,沙螺蟒,Sandaconda,沙螺蟒
▼地區-伽勒爾,#845,古月鳥,Cramorant,古月鳥
▼地區-伽勒爾,#846,刺梭魚,Arrokuda,戽斗尖梭
▼地區-伽勒爾,#847,戽斗尖梭,Barraskewda,戽斗尖梭
▼地區-伽勒爾,#848,毒電嬰,Toxel,顫弦蠑螈
▼地區-伽勒爾,#849,顫弦蠑螈,Toxtricity,顫弦蠑螈
▼地區-伽勒爾,#850,燒火蚣,Sizzlipede,焚焰蚣
▼地區-伽勒爾,#851,焚焰蚣,Centiskorch,焚焰蚣
▼地區-伽勒爾,#852,拳拳蛸,Clobbopus,八爪武師
▼地區-伽勒爾,#853,八爪武師,Grapploct,八爪武師
▼地區-伽勒爾,#854,來悲茶,Sinistea,怖思壺
▼地區-伽勒爾,#855,怖思壺,Polteageist,怖思壺
▼地區-伽勒爾,#856,迷布莉姆,Hatenna,布莉姆溫
▼地區-伽勒爾,#857,提布莉姆,Hattrem,布莉姆溫
▼地區-伽勒爾,#858,布莉姆溫,Hatterene,布莉姆溫
▼地區-伽勒爾,#859,搗蛋小妖,Impidimp,長毛巨魔
▼地區-伽勒爾,#860,詐唬魔,Morgrem,長毛巨魔
▼地區-伽勒爾,#861,長毛巨魔,Grimmsnarl,長毛巨魔
▼地區-伽勒爾,#862,堵攔熊,Obstagoon,堵攔熊
▼地區-伽勒爾,#863,喵頭目,Perrserker,喵頭目
▼地區-伽勒爾,#864,魔靈珊瑚,Cursola,魔靈珊瑚
▼地區-伽勒爾,#865,蔥遊兵,Sirfetch'd,蔥遊兵
▼地區-伽勒爾,#866,踏冰人偶,Mr. Rime,踏冰人偶
▼地區-伽勒爾,#867,死神板,Runerigus,死神板
▼地區-伽勒爾,#868,小仙奶,Milcery,霜奶仙
▼地區-伽勒爾,#869,霜奶仙,Alcremie,霜奶仙
▼地區-伽勒爾,#870,列陣兵,Falinks,列陣兵
▼地區-伽勒爾,#871,啪嚓海膽,Pincurchin,啪嚓海膽
▼地區-伽勒爾,#872,雪吞蟲,Snom,雪絨蛾
▼地區-伽勒爾,#873,雪絨蛾,Frosmoth,雪絨蛾
▼地區-伽勒爾,#874,巨石丁,Stonjourner,巨石丁
▼地區-伽勒爾,#875,冰砌鵝,Eiscue,冰砌鵝
▼地區-伽勒爾,#876,愛管侍,Indeedee,愛管侍
▼地區-伽勒爾,#877,莫魯貝可,Morpeko,莫魯貝可
▼地區-伽勒爾,#878,銅象,Cufant,大王銅象
▼地區-伽勒爾,#879,大王銅象,Copperajah,大王銅象
▼地區-伽勒爾,#880,雷鳥龍,Dracozolt,雷鳥龍
▼地區-伽勒爾,#881,雷鳥海獸,Arctozolt,雷鳥海獸
▼地區-伽勒爾,#882,鰓魚龍,Dracovish,鰓魚龍
▼地區-伽勒爾,#883,鰓魚海獸,Arctovish,鰓魚海獸
▼地區-伽勒爾,#884,鋁鋼龍,Duraludon,鋁鋼龍
▼地區-伽勒爾,#885,多龍梅西亞,Dreepy,多龍巴魯托
▼地區-伽勒爾,#886,多龍奇,Drakloak,多龍巴魯托
▼地區-伽勒爾,#887,多龍巴魯托,Dragapult,多龍巴魯托
▼地區-伽勒爾,#888,蒼響,Zacian,蒼響
▼地區-伽勒爾,#889,藏瑪然特,Zamazenta,藏瑪然特
▼地區-伽勒爾,#890,無極汰那,Eternatus,無極汰那
▼地區-伽勒爾,#891,熊徒弟,Kubfu,武道熊師
▼地區-伽勒爾,#892,武道熊師,Urshifu,武道熊師
▼地區-伽勒爾,#893,薩戮德,Zarude,薩戮德
▼地區-伽勒爾,#894,雷吉艾勒奇,Regieleki,雷吉艾勒奇
▼地區-伽勒爾,#895,雷吉鐸拉戈,Regidrago,雷吉鐸拉戈
▼地區-伽勒爾,#896,雪暴馬,Glastrier,雪暴馬
▼地區-伽勒爾,#897,靈幽馬,Spectrier,靈幽馬
▼地區-伽勒爾,#898,蕾冠王,Calyrex,蕾冠王
▼地區-洗翠,#899,詭角鹿,Wyrdeer,詭角鹿
▼地區-洗翠,#900,劈斧螳螂,Kleavor,劈斧螳螂
▼地區-洗翠,#901,月月熊,Ursaluna,月月熊
▼地區-洗翠,#902,幽尾玄魚,Basculegion,幽尾玄魚
▼地區-洗翠,#903,大狃拉,Sneasler,大狃拉
▼地區-洗翠,#904,萬針魚,Overqwil,萬針魚
▼地區-洗翠,#905,眷戀雲,Enamorus,眷戀雲
